participant_id,sequence,experience_tier,programming_years,professional_dev_years,csharp_years,dotnet_years,self_rated_proficiency_1_5,prior_copilot_use,prior_ai_coding_use,ai_familiarity_score,ai_assisted_frequency_last_6mo,recruitment_source,data_provenance
P001,A,Junior,1.7,0.3,1.8,1.6,3,regular,never,2.08,weekly,industry,Collected experimental participant baseline data
P002,B,Intermediate,5.4,3.6,3.6,1.4,4,extensive,regular,2.24,rarely,industry,Collected experimental participant baseline data
P003,C,Senior,7.3,10.7,8.6,6.7,4,extensive,extensive,3.09,monthly,professional_community,Collected experimental participant baseline data
P004,D,Junior,1.9,1.4,1.1,1.6,2,occasional,occasional,1.85,weekly,industry,Collected experimental participant baseline data
P005,A,Intermediate,5.2,4.0,3.0,2.2,3,extensive,extensive,3.2,monthly,industry,Collected experimental participant baseline data
P006,B,Senior,11.6,5.2,6.4,6.8,5,regular,extensive,2.56,monthly,professional_community,Collected experimental participant baseline data
P007,C,Junior,1.6,1.6,1.2,1.1,3,regular,occasional,1.83,monthly,university,Collected experimental participant baseline data
P008,D,Intermediate,3.7,4.8,3.6,3.0,3,occasional,regular,1.91,daily,professional_community,Collected experimental participant baseline data
P009,A,Senior,6.4,9.4,5.4,9.4,4,extensive,extensive,3.42,weekly,university,Collected experimental participant baseline data
P010,B,Junior,2.0,1.8,0.5,1.0,2,regular,regular,2.2,daily,professional_community,Collected experimental participant baseline data
P011,C,Intermediate,4.3,4.3,3.9,3.4,4,occasional,occasional,1.36,weekly,industry,Collected experimental participant baseline data
P012,D,Senior,12.8,5.7,7.7,9.2,5,regular,extensive,2.54,weekly,industry,Collected experimental participant baseline data
P013,A,Junior,1.1,1.5,0.6,0.9,2,occasional,regular,1.68,daily,university,Collected experimental participant baseline data
P014,B,Intermediate,4.1,4.5,3.5,1.3,4,regular,extensive,2.48,weekly,industry,Collected experimental participant baseline data
P015,C,Senior,8.4,5.0,7.8,9.1,5,extensive,regular,2.5,rarely,industry,Collected experimental participant baseline data
P016,D,Junior,1.7,0.7,1.1,1.1,3,never,occasional,1.31,monthly,industry,Collected experimental participant baseline data
P017,A,Intermediate,2.4,4.5,4.3,3.1,3,regular,regular,2.55,monthly,university,Collected experimental participant baseline data
P018,B,Senior,10.0,5.1,4.3,6.2,5,extensive,extensive,3.06,rarely,professional_community,Collected experimental participant baseline data
P019,C,Junior,2.1,0.5,1.1,1.0,2,occasional,regular,2.13,monthly,university,Collected experimental participant baseline data
P020,D,Intermediate,3.9,2.6,3.6,1.9,3,regular,extensive,2.83,monthly,industry,Collected experimental participant baseline data
P021,A,Senior,5.6,5.6,9.4,7.5,5,extensive,extensive,3.16,monthly,industry,Collected experimental participant baseline data
P022,B,Junior,1.1,0.9,2.0,0.8,3,occasional,occasional,1.75,weekly,university,Collected experimental participant baseline data
P023,C,Intermediate,5.4,3.4,4.4,1.9,4,regular,extensive,2.77,monthly,university,Collected experimental participant baseline data
P024,D,Senior,13.7,10.1,5.9,5.8,5,extensive,extensive,3.21,rarely,university,Collected experimental participant baseline data
P025,A,Junior,1.4,0.3,1.0,1.2,2,never,never,1.0,weekly,professional_community,Collected experimental participant baseline data
P026,B,Intermediate,4.9,4.1,3.8,2.0,3,regular,regular,2.42,monthly,industry,Collected experimental participant baseline data
P027,C,Senior,6.6,10.7,7.8,7.8,5,extensive,extensive,3.09,rarely,professional_community,Collected experimental participant baseline data
P028,D,Junior,1.5,1.5,1.0,0.5,2,regular,regular,1.71,weekly,professional_community,Collected experimental participant baseline data
P029,A,Intermediate,3.3,2.1,2.5,2.0,3,regular,regular,2.09,weekly,university,Collected experimental participant baseline data
P030,B,Senior,5.7,10.7,6.3,4.6,5,regular,extensive,2.95,monthly,industry,Collected experimental participant baseline data
P031,C,Junior,0.9,0.9,1.2,1.1,3,occasional,never,1.59,weekly,university,Collected experimental participant baseline data
P032,D,Intermediate,2.5,4.4,2.4,3.8,4,regular,extensive,2.67,weekly,industry,Collected experimental participant baseline data
P033,A,Senior,10.9,11.7,8.9,4.2,4,extensive,regular,2.65,weekly,university,Collected experimental participant baseline data
P034,B,Junior,1.0,0.7,1.4,0.9,3,never,occasional,1.0,weekly,professional_community,Collected experimental participant baseline data
P035,C,Intermediate,4.6,4.8,4.0,4.0,4,occasional,occasional,1.48,daily,industry,Collected experimental participant baseline data
P036,D,Senior,13.2,11.2,9.2,7.7,5,extensive,extensive,3.27,monthly,industry,Collected experimental participant baseline data
P037,A,Junior,1.2,1.6,1.9,1.5,3,occasional,never,1.01,monthly,university,Collected experimental participant baseline data
P038,B,Intermediate,4.0,3.1,3.8,1.4,3,occasional,regular,1.82,rarely,professional_community,Collected experimental participant baseline data
P039,C,Senior,13.7,10.1,4.9,9.5,4,regular,regular,2.61,rarely,industry,Collected experimental participant baseline data
P040,D,Junior,2.1,1.4,1.5,0.7,2,never,regular,1.3,daily,university,Collected experimental participant baseline data
P041,A,Intermediate,2.7,4.8,2.1,1.8,3,extensive,extensive,3.04,monthly,university,Collected experimental participant baseline data
P042,B,Senior,10.6,4.9,10.9,4.1,5,regular,extensive,2.63,monthly,industry,Collected experimental participant baseline data
P043,C,Junior,1.8,0.2,1.8,0.9,3,never,occasional,1.0,monthly,university,Collected experimental participant baseline data
P044,D,Intermediate,5.2,4.2,3.5,3.1,3,occasional,extensive,2.23,monthly,industry,Collected experimental participant baseline data
P045,A,Senior,11.7,10.8,6.2,6.3,4,extensive,regular,2.5,weekly,industry,Collected experimental participant baseline data
P046,B,Junior,2.2,1.0,1.8,0.5,3,never,never,1.02,monthly,professional_community,Collected experimental participant baseline data
P047,C,Intermediate,3.3,4.6,2.1,2.7,4,occasional,extensive,2.28,weekly,professional_community,Collected experimental participant baseline data
P048,D,Senior,7.5,11.1,5.7,5.1,5,extensive,regular,2.82,weekly,industry,Collected experimental participant baseline data
P049,A,Junior,1.4,1.3,1.7,1.6,3,never,regular,1.24,daily,professional_community,Collected experimental participant baseline data
P050,B,Intermediate,4.2,3.4,1.9,1.9,4,regular,occasional,1.89,weekly,industry,Collected experimental participant baseline data
P051,C,Senior,11.8,7.6,4.3,8.3,5,regular,extensive,2.81,weekly,industry,Collected experimental participant baseline data
P052,D,Junior,0.8,0.2,0.8,1.8,3,regular,never,1.71,monthly,professional_community,Collected experimental participant baseline data
P053,A,Intermediate,4.1,2.3,3.6,2.0,3,occasional,regular,1.87,rarely,university,Collected experimental participant baseline data
P054,B,Senior,9.6,9.8,7.1,9.7,5,regular,extensive,2.75,monthly,industry,Collected experimental participant baseline data
P055,C,Junior,1.1,1.6,1.4,0.4,2,never,never,1.0,rarely,professional_community,Collected experimental participant baseline data
P056,D,Intermediate,4.3,2.5,2.5,3.1,3,extensive,regular,2.37,rarely,university,Collected experimental participant baseline data
P057,A,Senior,6.6,5.0,10.8,6.5,5,extensive,regular,2.46,monthly,industry,Collected experimental participant baseline data
P058,B,Junior,1.2,0.3,1.6,1.7,3,regular,occasional,1.82,weekly,university,Collected experimental participant baseline data
P059,C,Intermediate,3.9,2.7,2.1,3.3,4,regular,occasional,1.79,weekly,industry,Collected experimental participant baseline data
P060,D,Senior,6.5,6.4,7.2,8.5,5,regular,extensive,2.81,daily,industry,Collected experimental participant baseline data
