session_id,participant_id,period,condition,session_start,session_end,total_duration_min,tasks_completed,mean_nasa_tlx
SP001-1,P001,1,Traditional,2026-03-11T13:20:00,2026-03-11T21:42:43,502.7,8,75.0
SP001-2,P001,2,AI,2026-03-24T13:51:00,2026-03-24T20:33:05,402.1,8,58.8
SP002-1,P002,1,AI,2026-03-12T15:21:00,2026-03-12T22:20:46,419.8,8,56.2
SP002-2,P002,2,Traditional,2026-03-27T09:05:00,2026-03-27T17:07:00,482.0,8,68.1
SP003-1,P003,1,Traditional,2026-03-16T09:51:00,2026-03-16T18:43:55,532.9,8,76.2
SP003-2,P003,2,AI,2026-03-31T13:35:00,2026-03-31T21:26:01,471.0,8,68.8
SP004-1,P004,1,AI,2026-03-16T08:35:00,2026-03-16T15:16:18,401.3,8,60.6
SP004-2,P004,2,Traditional,2026-04-03T13:26:00,2026-04-03T21:50:50,504.8,8,75.6
SP005-1,P005,1,Traditional,2026-03-19T09:36:00,2026-03-19T18:28:08,532.1,8,76.2
SP005-2,P005,2,AI,2026-04-07T09:50:00,2026-04-07T17:31:18,461.3,8,63.1
SP006-1,P006,1,AI,2026-03-23T09:25:00,2026-03-23T17:20:05,475.1,8,67.5
SP006-2,P006,2,Traditional,2026-04-14T15:56:00,2026-04-15T00:11:23,495.4,8,76.2
SP007-1,P007,1,Traditional,2026-03-24T14:51:00,2026-03-24T22:53:33,482.6,8,65.6
SP007-2,P007,2,AI,2026-04-14T15:55:00,2026-04-14T23:18:30,443.5,8,51.2
SP008-1,P008,1,AI,2026-03-25T15:36:00,2026-03-25T23:04:46,448.8,8,66.9
SP008-2,P008,2,Traditional,2026-04-20T10:24:00,2026-04-20T19:40:48,556.8,8,80.0
SP009-1,P009,1,Traditional,2026-03-30T10:20:00,2026-03-30T18:19:47,479.8,8,68.1
SP009-2,P009,2,AI,2026-04-27T14:24:00,2026-04-27T21:39:54,435.9,8,62.5
SP010-1,P010,1,AI,2026-03-30T14:35:00,2026-03-30T23:45:45,550.8,8,65.0
SP010-2,P010,2,Traditional,2026-04-29T14:38:00,2026-04-29T23:59:12,561.2,8,82.5
SP011-1,P011,1,Traditional,2026-03-31T14:36:00,2026-03-31T23:41:36,545.6,8,81.2
SP011-2,P011,2,AI,2026-05-04T09:39:00,2026-05-04T17:08:32,449.5,8,66.9
SP012-1,P012,1,AI,2026-04-03T15:25:00,2026-04-03T23:28:28,483.5,8,70.0
SP012-2,P012,2,Traditional,2026-04-08T15:40:00,2026-04-09T00:36:25,536.4,8,76.2
SP013-1,P013,1,Traditional,2026-04-06T14:07:00,2026-04-06T22:08:44,481.7,8,71.2
SP013-2,P013,2,AI,2026-04-16T08:54:00,2026-04-16T15:42:45,408.8,8,56.9
SP014-1,P014,1,AI,2026-04-06T08:37:00,2026-04-06T17:00:47,503.8,8,61.2
SP014-2,P014,2,Traditional,2026-04-15T15:07:00,2026-04-15T23:41:52,514.9,8,75.0
SP015-1,P015,1,Traditional,2026-03-10T13:10:00,2026-03-10T21:48:28,518.5,8,75.6
SP015-2,P015,2,AI,2026-03-23T10:07:00,2026-03-23T17:23:43,436.7,8,66.9
SP016-1,P016,1,AI,2026-03-13T14:53:00,2026-03-13T22:23:50,450.8,8,61.9
SP016-2,P016,2,Traditional,2026-03-30T15:07:00,2026-03-30T23:20:28,493.5,8,80.6
SP017-1,P017,1,Traditional,2026-03-16T09:22:00,2026-03-16T17:07:32,465.5,8,68.8
SP017-2,P017,2,AI,2026-04-02T10:54:00,2026-04-02T17:34:12,400.2,8,57.5
SP018-1,P018,1,AI,2026-03-16T13:20:00,2026-03-16T20:47:16,447.3,8,69.4
SP018-2,P018,2,Traditional,2026-04-03T13:10:00,2026-04-03T21:15:46,485.8,8,75.6
SP019-1,P019,1,Traditional,2026-03-19T13:09:00,2026-03-19T21:53:25,524.4,8,75.0
SP019-2,P019,2,AI,2026-04-08T13:26:00,2026-04-08T20:17:03,411.1,8,59.4
SP020-1,P020,1,AI,2026-03-23T09:38:00,2026-03-23T16:28:10,410.2,8,58.8
SP020-2,P020,2,Traditional,2026-04-13T08:23:00,2026-04-13T16:37:03,494.1,8,73.8
SP021-1,P021,1,Traditional,2026-03-23T15:52:00,2026-03-23T23:51:14,479.2,8,68.1
SP021-2,P021,2,AI,2026-04-15T15:24:00,2026-04-15T22:43:13,439.2,8,63.1
SP022-1,P022,1,AI,2026-03-26T09:50:00,2026-03-26T18:10:27,500.4,8,60.6
SP022-2,P022,2,Traditional,2026-04-20T13:07:00,2026-04-20T22:00:05,533.1,8,80.0
SP023-1,P023,1,Traditional,2026-03-27T14:39:00,2026-03-27T23:14:14,515.2,8,74.4
SP023-2,P023,2,AI,2026-04-27T15:40:00,2026-04-28T00:00:45,500.8,8,58.1
SP024-1,P024,1,AI,2026-03-30T10:37:00,2026-03-30T18:14:35,457.6,8,65.0
SP024-2,P024,2,Traditional,2026-04-30T15:37:00,2026-04-30T23:08:54,451.9,8,70.6
SP025-1,P025,1,Traditional,2026-04-01T10:37:00,2026-04-01T18:30:50,473.8,8,73.8
SP025-2,P025,2,AI,2026-05-04T15:51:00,2026-05-04T22:33:46,402.8,8,56.9
SP026-1,P026,1,AI,2026-04-01T14:52:00,2026-04-01T23:19:32,507.5,8,66.2
SP026-2,P026,2,Traditional,2026-04-08T15:38:00,2026-04-08T23:28:51,470.9,8,73.8
SP027-1,P027,1,Traditional,2026-04-03T13:51:00,2026-04-03T22:30:00,519.0,8,75.6
SP027-2,P027,2,AI,2026-04-13T15:53:00,2026-04-13T23:08:00,435.0,8,63.8
SP028-1,P028,1,AI,2026-03-10T14:26:00,2026-03-10T21:40:21,434.4,8,57.5
SP028-2,P028,2,Traditional,2026-03-19T09:35:00,2026-03-19T17:24:21,469.4,8,69.4
SP029-1,P029,1,Traditional,2026-03-11T09:21:00,2026-03-11T17:24:12,483.2,8,71.9
SP029-2,P029,2,AI,2026-03-23T14:51:00,2026-03-23T21:37:48,406.8,8,56.9
SP030-1,P030,1,AI,2026-03-13T09:36:00,2026-03-13T17:42:28,486.5,8,68.8
SP030-2,P030,2,Traditional,2026-03-27T14:56:00,2026-03-27T23:55:02,539.0,8,77.5
SP031-1,P031,1,Traditional,2026-03-16T14:36:00,2026-03-16T21:45:56,429.9,8,65.6
SP031-2,P031,2,AI,2026-03-30T08:21:00,2026-03-30T15:01:58,401.0,8,52.5
SP032-1,P032,1,AI,2026-03-18T14:06:00,2026-03-18T21:12:05,426.1,8,61.9
SP032-2,P032,2,Traditional,2026-04-06T14:07:00,2026-04-06T22:02:13,475.2,8,71.2
SP033-1,P033,1,Traditional,2026-03-19T08:21:00,2026-03-19T16:01:51,460.9,8,68.8
SP033-2,P033,2,AI,2026-04-10T13:09:00,2026-04-10T20:27:59,439.0,8,61.2
SP034-1,P034,1,AI,2026-03-20T09:50:00,2026-03-20T17:28:43,458.7,8,63.1
SP034-2,P034,2,Traditional,2026-04-10T14:09:00,2026-04-10T23:04:49,535.8,8,78.8
SP035-1,P035,1,Traditional,2026-03-24T10:07:00,2026-03-24T18:38:23,511.4,8,75.0
SP035-2,P035,2,AI,2026-04-20T14:05:00,2026-04-20T20:54:38,409.6,8,60.6
SP036-1,P036,1,AI,2026-03-25T09:24:00,2026-03-25T17:09:03,465.1,8,67.5
SP036-2,P036,2,Traditional,2026-04-22T15:20:00,2026-04-22T23:55:32,515.5,8,75.0
SP037-1,P037,1,Traditional,2026-03-27T08:10:00,2026-03-27T16:21:14,491.2,8,75.0
SP037-2,P037,2,AI,2026-04-27T13:35:00,2026-04-27T20:42:32,427.5,8,59.4
SP038-1,P038,1,AI,2026-03-30T08:55:00,2026-03-30T15:52:01,417.0,8,62.5
SP038-2,P038,2,Traditional,2026-04-30T14:50:00,2026-04-30T22:59:05,489.1,8,76.9
SP039-1,P039,1,Traditional,2026-04-01T15:50:00,2026-04-02T00:10:15,500.2,8,69.4
SP039-2,P039,2,AI,2026-05-05T10:36:00,2026-05-05T17:44:28,428.5,8,60.6
SP040-1,P040,1,AI,2026-04-03T15:50:00,2026-04-03T22:26:22,396.4,8,52.5
SP040-2,P040,2,Traditional,2026-04-13T08:41:00,2026-04-13T16:00:04,439.1,8,65.0
SP041-1,P041,1,Traditional,2026-04-06T08:08:00,2026-04-06T15:44:46,456.8,8,68.8
SP041-2,P041,2,AI,2026-04-15T09:20:00,2026-04-15T15:27:37,367.6,8,56.9
SP042-1,P042,1,AI,2026-03-10T14:23:00,2026-03-10T22:11:47,468.8,8,67.5
SP042-2,P042,2,Traditional,2026-03-19T10:10:00,2026-03-19T18:38:04,508.1,8,77.5
SP043-1,P043,1,Traditional,2026-03-12T10:10:00,2026-03-12T19:16:22,546.4,8,79.4
SP043-2,P043,2,AI,2026-03-25T13:53:00,2026-03-25T21:47:58,475.0,8,61.9
SP044-1,P044,1,AI,2026-03-12T15:41:00,2026-03-12T23:00:04,439.1,8,60.6
SP044-2,P044,2,Traditional,2026-03-26T14:39:00,2026-03-26T22:33:04,474.1,8,71.2
SP045-1,P045,1,Traditional,2026-03-16T08:39:00,2026-03-16T17:28:41,529.7,8,78.8
SP045-2,P045,2,AI,2026-04-01T08:07:00,2026-04-01T15:55:11,468.2,8,69.4
SP046-1,P046,1,AI,2026-03-16T10:21:00,2026-03-16T17:34:15,433.2,8,58.8
SP046-2,P046,2,Traditional,2026-04-06T14:25:00,2026-04-06T22:33:39,488.6,8,72.5
SP047-1,P047,1,Traditional,2026-03-19T13:52:00,2026-03-19T21:22:50,450.8,8,68.8
SP047-2,P047,2,AI,2026-04-08T14:35:00,2026-04-08T21:10:13,395.2,8,58.1
SP048-1,P048,1,AI,2026-03-23T08:08:00,2026-03-23T15:49:53,461.9,8,63.8
SP048-2,P048,2,Traditional,2026-04-15T09:53:00,2026-04-15T17:38:23,465.4,8,70.0
SP049-1,P049,1,Traditional,2026-03-23T14:05:00,2026-03-23T22:29:34,504.6,8,73.8
SP049-2,P049,2,AI,2026-04-20T14:38:00,2026-04-20T21:28:13,410.2,8,57.5
SP050-1,P050,1,AI,2026-03-25T15:35:00,2026-03-26T00:16:39,521.6,8,65.0
SP050-2,P050,2,Traditional,2026-04-20T10:39:00,2026-04-20T19:13:53,514.9,8,80.0
SP051-1,P051,1,Traditional,2026-03-27T13:54:00,2026-03-27T21:47:12,473.2,8,71.2
SP051-2,P051,2,AI,2026-04-23T10:38:00,2026-04-23T17:42:45,424.8,8,65.6
SP052-1,P052,1,AI,2026-03-30T15:53:00,2026-03-30T22:36:23,403.4,8,55.6
SP052-2,P052,2,Traditional,2026-04-28T14:52:00,2026-04-28T22:50:45,478.8,8,70.0
SP053-1,P053,1,Traditional,2026-03-31T09:39:00,2026-03-31T18:40:03,541.0,8,76.2
SP053-2,P053,2,AI,2026-05-01T14:41:00,2026-05-01T22:19:07,458.1,8,61.9
SP054-1,P054,1,AI,2026-04-01T08:52:00,2026-04-01T16:50:45,478.8,8,66.2
SP054-2,P054,2,Traditional,2026-04-06T10:22:00,2026-04-06T19:27:09,545.1,8,75.0
SP055-1,P055,1,Traditional,2026-04-06T14:23:00,2026-04-06T23:20:50,537.8,8,81.9
SP055-2,P055,2,AI,2026-04-13T13:36:00,2026-04-13T21:02:47,446.8,8,66.2
SP056-1,P056,1,AI,2026-04-06T15:22:00,2026-04-06T23:09:13,467.2,8,61.9
SP056-2,P056,2,Traditional,2026-04-15T09:53:00,2026-04-15T17:50:59,478.0,8,73.8
SP057-1,P057,1,Traditional,2026-03-10T09:21:00,2026-03-10T17:22:07,481.1,8,74.4
SP057-2,P057,2,AI,2026-03-25T14:06:00,2026-03-25T21:24:46,438.8,8,65.0
SP058-1,P058,1,AI,2026-03-16T10:20:00,2026-03-16T17:10:09,410.1,8,57.5
SP058-2,P058,2,Traditional,2026-03-30T09:56:00,2026-03-30T18:27:21,511.4,8,76.2
SP059-1,P059,1,Traditional,2026-03-16T09:25:00,2026-03-16T18:11:24,526.4,8,68.8
SP059-2,P059,2,AI,2026-04-01T09:53:00,2026-04-01T16:58:52,425.9,8,63.1
SP060-1,P060,1,AI,2026-03-16T15:41:00,2026-03-16T23:10:44,449.7,8,67.5
SP060-2,P060,2,Traditional,2026-04-06T10:07:00,2026-04-06T18:16:38,489.6,8,73.1
